"|","|__address","|__anim","|__category","|__desc","|__icon","|__infoopen","|__lat","|__linkd","|__lng","|__map_id","|__marker_id","|__other_data__-","|__pic","|__retina","|__title"
"10","43 RUE PRINCIPALE 62770 SAINT GEORGES","0","2","<div class=""gm-style-iw""><div><div><div><div><u>Type :</u> Appro / Collecte<br /><u>Téléphone :</u> 03 21 04 84 74<br /><u>Responsable de site :</u> REMY THERY</div></div></div></div></div>","http://www.groupe-carre.fr/wp-content/uploads/2017/06/depart_appro.png","0","50.3581183","","2.0801068","1","10","","","0","SAINT GEORGES"
"11","ROUTE DE BEAUVOIS 62130 OEUF EN TERNOIS","0","2","<p><u>Type :</u> Appro / Collecte<br /><u>Téléphone :</u> 03 21 41 54 30<br /><u>Responsable de site :</u> ARNAUD DUEZ</p>","http://www.groupe-carre.fr/wp-content/uploads/2017/06/depart_appro.png","0","50.3632662","","2.2215072","1","11","","","0","OEUF-EN-TERNOIS"
"12","RUE DE BOULOGNE 62960 BEAUMETZ LES AIRES","0","2","<p><u>Type :</u> Appro / Collecte<br /><u>Téléphone :</u> 03 21 38 00 95<br /><u>Responsable de site :</u> PIERRE HEDIN</p>","http://www.groupe-carre.fr/wp-content/uploads/2017/06/depart_appro.png","0","50.532993","","2.252475","1","12","0","","0","BEAUMETZ-LES-AIRES"
"13","27 RUE DE ST POL 62550 PRESSY LES PERNES","0","2","<p><u>Type :</u> Appro / Collecte<br /><u>Téléphone :</u> 03 21 04 72 52<br /><u>Responsable de site :</u> HUBERT LABITTE</p>","http://www.groupe-carre.fr/wp-content/uploads/2017/06/depart_appro.png","0","50.4772267","","2.4092019","1","13","","","0","PRESSY-LES-PERNES"
"14","RUE DE PONCHES 80150 LIGESCOURT","0","1","<div class=""gm-style-iw""><div><div><div><div><u>Type :</u> Collecte<br /><u>Téléphone :</u> 03 22 23 50 76<br /><u>Responsable de site :</u> DAMIEN MALINGUE</div></div></div></div></div>","http://www.groupe-carre.fr/wp-content/uploads/2017/06/depart_collecte.png","0","50.290441","","1.878882","1","14","0","","0","LIGESCOURT"
"15","RUE CONCOGNE 62870 DELETTES","0","1","<div> <u>Type :</u> Collecte<br /><u>Téléphone :</u> 03 21 93 24 24<br /><u>Responsable de site :</u> BAPTISTE LECAILLE</div>","http://www.groupe-carre.fr/wp-content/uploads/2017/06/depart_collecte.png","0","50.6150332","","2.2133851","1","15","","","0","DELETTES"
"16","RUE DE ST POL 62134 MONCHY CAYEUX","0","1","<div><u>Type :</u> Collecte<br /><u>Téléphone :</u> 06 31 45 25 00<br /><u>Responsable de site :</u> ARNAUD DUEZ</div>","http://www.groupe-carre.fr/wp-content/uploads/2017/06/depart_collecte.png","0","50.4437038","","2.2616376","1","16","","","0","MONCHY CAYEUX"
"17","RUE D'EN HAUT 80135 MILLENCOURT EN PONTHIEU","0","1","<p><u>Type :</u> Collecte<br /><u>Téléphone :</u> 06 32 91 27 09<br /><u>Responsable de site :</u> SEBASTIEN PLE</p>","http://www.groupe-carre.fr/wp-content/uploads/2017/06/depart_collecte.png","0","50.150049","","1.905424","1","17","0","","0","MILLENCOURT EN PONTHIEU"
"19","ROUTE DE BETHONSART 62690 VILLERS BRULIN","0","1","<div><u>Type :</u> Collecte<br /><u>Téléphone :</u> 06 30 44 79 63<br /><u>Responsable de site :</u> FREDERIC ROPITAL</div>","http://www.groupe-carre.fr/wp-content/uploads/2017/06/depart_collecte.png","0","50.367763","","2.542369","1","19","0","","0","VILLERS BRULIN"
"2","62630 HUBERSENT","0","1","<div><b>HUBERSENT</b><br /><u>Type :</u> Collecte<br />LE MOULIN 62630 HUBERSENT<br /><u>Téléphone :</u> 03 21 86 73 73-06 07 86 32 06<br /><u>Responsable de site :</u> DAMIEN MALINGUE</div>","http://www.groupe-carre.fr/wp-content/uploads/2017/06/depart_collecte.png","0","50.581023","","1.724252","1","2","0","","0","HUBERSENT"
"20","RUE PASCALINE 62810 WARLUZEL","0","2","<div class=""gm-style-iw""><div><div><div><div><u>Type :</u> Appro / Collecte<br /><u>Téléphone :</u> 03 21 48 47 47<br /><u>Responsable de site :</u> FIRMIN CITERNE</div></div></div></div></div>","http://www.groupe-carre.fr/wp-content/uploads/2017/06/depart_appro.png","0","50.227931","","2.467312","1","20","0","","0","WARLUZEL"
"21","1 RUE PRE POTTIN 62810 LATTRE ST QUENTIN","0","2","<div><u>Type :</u> Appro / Collecte<br /><u>Téléphone :</u> 03 21 48 45 08<br /><u>Responsable de site :</u> AURELIEN GUIZY</div>","http://www.groupe-carre.fr/wp-content/uploads/2017/06/depart_appro.png","0","50.2918474","","2.577264","1","21","","","0","LATTRE ST QUENTIN"
"22","15 RUE DE MONCHY 62111 BIENVILLERS AU BOIS","0","2","<p><u>Type :</u> Appro / Collecte<br /><u>Téléphone :</u> 03 21 07 63 42<br /><u>Responsable de site :</u> BENOIT FERTE</p>","http://www.groupe-carre.fr/wp-content/uploads/2017/06/depart_appro.png","0","50.1745355","","2.6247124","1","22","","","0","BIENVILLERS AU BOIS"
"23","RUE DE FORCEVILLE 80560 HEDAUVILLE","0","2","<div class=""gm-style-iw""><div><div><div><div><u>Type :</u> Appro / Collecte<br /><u>Téléphone :</u> 03 22 76 54 06<br /><u>Responsable de site :</u> FIRMIN CITERNE</div></div></div></div></div>","http://www.groupe-carre.fr/wp-content/uploads/2017/06/depart_appro.png","0","50.04621","","2.566158","1","23","0","","0","HEDAUVILLE"
"24","VIGNACOURT","0","1","<div> <u>Type :</u> Collecte<br /><u>Téléphone :</u> 06 47 13 52 26<br /><u>Responsable de site :</u> CORENTIN DEBROY</div>","http://www.groupe-carre.fr/wp-content/uploads/2017/06/depart_collecte.png","0","50.01231","","2.197293","1","24","0","","0","VIGNACOURT"
"25","ZI DU ROUVAL 80600 DOULLENS","0","1","<p><u>Type :</u> Collecte<br /><u>Téléphone :</u> 03 21 48 45 08- 06 78 15 56 41<br /><u>Responsable de site :</u> FIRMIN CITERNE</p>","http://www.groupe-carre.fr/wp-content/uploads/2017/06/depart_collecte.png","0","50.159701","","2.330921","1","25","0","","0","DOULLENS"
"26","ROUTE D'AGNEZ LES DUISANS 62123 GOUVES","0","1","<p><u>Type :</u> Collecte<br /><u>Téléphone :</u> 03 21 48 45 08<br /><u>Responsable de site :</u> AURELIEN GUIZY</p>","http://www.groupe-carre.fr/wp-content/uploads/2017/06/depart_collecte.png","0","50.2776702","","2.6676453","1","26","","","0","GOUVES"
"27","CHEMIN DE MONT ST ELOI RD 49 - 62580 NEUVILLE ST VAAST","0","2","<div><u>Type :</u> Appro / Collecte<br /><u>Téléphone :</u> 06 85 30 26 36<br /><u>Responsable de site :</u> FREDERIC ROPITAL</div>","http://www.groupe-carre.fr/wp-content/uploads/2017/06/depart_appro.png","0","50.354124","","2.745878","1","27","0","","0","NEUVILLE ST VAAST"
"28","RUE ACHEVILLE 62580 VIMY","0","2","<p><u>Type :</u> Appro / Collecte<br /><u>Téléphone :</u> 03 21 16 11 12<br /><u>Responsable de site :</u> XAVIER DEBAILLEUL</p>","http://www.groupe-carre.fr/wp-content/uploads/2017/06/depart_appro.png","0","50.377781","","2.851899","1","28","","","0","VIMY"
"29","RUE RENE DELZENNE 59310 NOMAIN","0","2","<p><u>Type :</u> Appro / Collecte<br /><u>Téléphone :</u> 03 20 71 83 55<br /><u>Responsable de site :</u> JEAN MICHEL LASNE</p>","http://www.groupe-carre.fr/wp-content/uploads/2017/06/depart_appro.png","0","50.5038225","","3.2382726","1","29","","","0","NOMAIN"
"3","RUE DE PARIS 62170 CAMPIGNEULLES LES PETITES","0","2","<div> <b>CAMPIGNEULLES LES PETITES</b><br /><u>Type :</u> Appro / Collecte<br />CHEMIN DES GRANGES 62170 CAMPIGNEULLES LES PETITES<br /><u>Téléphone :</u> 03 21 06 02 38<br /><u>Responsable de site :</u> MAXIME WALLON</div><p> </p>","http://www.groupe-carre.fr/wp-content/uploads/2017/06/depart_appro.png","0","50.45134","","1.752301","1","3","0","","0","CAMPIGNEULLES LES PETITES"
"30","18 RUE DU CALVAIRE 62112 GOUY SOUS BELLONNE","0","3","<div class=""gm-style-iw""><div><div><div><div><u>Type :</u> Siège<br />TEL SIEGE : 03 21 24 11 00<br />TEL SILO: 03 21 24 52 97<br /><u>Responsable de site :</u> OLIVIER DUTHOIT</div></div></div></div></div>","http://www.groupe-carre.fr/wp-content/uploads/2017/06/depart_autre.png","0","50.312359","","3.051222","1","30","","","0","GOUY SOUS BELLONNE"
"32","62182 VILLERS LES CAGNICOURT","0","4","<p><u>Type :</u> Seveso<br />RD13 LIEU DIT ""LA BRIOCHE"" <br /><u>Téléphone :</u> 03 21 15 18 10<br /><u>Responsable de site :</u> LUDOVIC ALLEXANDRE</p>","http://www.groupe-carre.fr/wp-content/uploads/2017/06/depart_autre.png","0","50.221572","","3.010921","1","32","0","","0","VILLERS LES CAGNICOURT"
"33","02470 NEUILLY ST FRONT","0","1","<p>ZI DU MOULIN<br /><u>Type :</u> Collecte<br /><u>Téléphone :</u> 03 23 71 37 21- 06 59 07 98 34<br /><u>Responsable de site :</u> DIMITRI BOURGEOIS</p>","http://www.groupe-carre.fr/wp-content/uploads/2017/06/depart_collecte.png","0","49.170921","","3.262185","1","33","0","","0","NEUILLY ST FRONT"
"34","FERME DU PARC D14 02220 BRAINE","0","1","<p><u>Type :</u> Collecte<br /><u>Téléphone :</u> 06 28 09 55 77<br /><u>Responsable de site :</u> LAURENT CLERGINET</p>","http://www.groupe-carre.fr/wp-content/uploads/2017/06/depart_collecte.png","0","49.35158","","3.525496","1","34","","","0","BRAINE"
"35","FERME DE MENNEJEAN 02880 NANTEUIL LA FOSSE","0","1","<p><u>Type :</u> Collecte<br /><u>Téléphone :</u> 06 86 57 58 65<br /><u>Responsable de site :</u> MME PINTA</p>","http://www.groupe-carre.fr/wp-content/uploads/2017/06/depart_collecte.png","0","49.44364","","3.467854","1","35","0","","0","NANTEUIL LA FOSSE"
"36","9 RUE D'AULNOIS 02870 BESNY ET LOISY","0","1","<p><u>Type :</u> Collecte<br /><u>Téléphone :</u> 06 07 74 46 28<br /><u>Responsable de site :</u> M DEMAZURE</p>","http://www.groupe-carre.fr/wp-content/uploads/2017/06/depart_collecte.png","0","49.59821","","3.5840799","1","36","","","0","BESNY ET LOISY"
"37","GRANDE RUE 02250 LA NEUVILLE BEAUMONT","0","1","<p><u>Type :</u> Collecte<br /><u>Téléphone :</u> 03 23 20 09 79<br /><u>Responsable de site :</u> LUDOVIC GERNEZ</p>","http://www.groupe-carre.fr/wp-content/uploads/2017/06/depart_collecte.png","0","49.709892","","3.837271","1","37","0","","0","LA NEUVILLE BOSMONT"
"38","RUE CHANTERAINE 02140 ROUGERIES","0","1","<div><u>Type :</u> Collecte<br /><u>Téléphone :</u> 07 89 91 06 85<br /><u>Responsable de site :</u> JUDICAEL MARTIN</div>","http://www.groupe-carre.fr/wp-content/uploads/2017/06/depart_collecte.png","0","49.802118","","3.793123","1","38","","","0","ROUGERIES"
"39","5 RUE DE LAON 08190 SAINT-GERMAINMONT","0","1","<p><u>Type :</u> Collecte<br />03 24 72 01 05<br /><u>Téléphone :</u> 06 33 56 01 37<br /><u>Responsable de site :</u> MAXIME DUFRAINE</p>","http://www.groupe-carre.fr/wp-content/uploads/2017/06/depart_collecte.png","0","49.4988115","","4.1341057","1","39","","","0","SAINT GERMAINMONT"
"4","240 RUE DE LA VALLEE 62170 ESTREELLES","0","2","<div> <u>Type :</u> Appro / Collecte<br />240 RUE DE LA VALLEE 62170 ESTREELLES<br /><u>Téléphone :</u> 03 21 06 11 64<br /><u>Responsable de site :</u> SEBASTIEN PLE</div>","http://www.groupe-carre.fr/wp-content/uploads/2017/06/depart_appro.png","0","50.5011483","","1.7870878","1","4","","","0","ESTREELLES"
"40","RUE DE LA MORTEAU 08360 CHATEAU PORCIEN","0","1","<div class=""gm-style-iw""><div><div><div><div><u>Type :</u> Collecte<br /><u>Téléphone :</u> 03 24 72 89 51<br /><u>Responsable de site :</u> GUY YVERNEAU</div></div></div></div></div>","http://www.groupe-carre.fr/wp-content/uploads/2017/06/depart_collecte.png","0","49.5271048","","4.2438848","1","40","","","0","CHATEAU PORCIEN"
"41","08220 SERAINCOURT","0","1","<div>46 RUE LUCIEN BOUTON 08220 SERAINCOURT</div><div><u>Type :</u> Collecte<br /><u>Téléphone :</u> 06 16 37 66 57<br /><u>Responsable de site :</u> JEROME CARTIER</div>","http://www.groupe-carre.fr/wp-content/uploads/2017/06/depart_collecte.png","0","49.611433","","4.201996","1","41","0","","0","SERAINCOURT"
"43","60360 LUCHY","0","1","<p><u>HAMEAU DE ROUGE MAISON<br />Type :</u> Collecte<br /><u>Téléphone :</u> 06 11 75 88 73<br /><u>Responsable du site :</u> NICOLAS DELY</p>","http://www.groupe-carre.fr/wp-content/uploads/2017/06/depart_collecte.png","0","49.555348","","2.118992","1","43","0","","0","LUCHY"
"44","60480 SAINT ANDRE FARIVILLERS","0","2","<div><u>Type :</u> Appro / Collecte<br /><u>Téléphone :</u> 03 44 04 41 03<br /><u>Responsable de site :</u> NICOLAS DELY</div>","http://www.groupe-carre.fr/wp-content/uploads/2017/06/depart_appro.png","0","49.586075","","2.293766","1","44","0","","0","SAINT ANDRE FARIVILLERS"
"45","TARTIGNY","0","1","<div> <u>Type :</u> Collecte<br /><u>Téléphone :</u> 06 11 75 88 73<br /><u>Responsable de site :</u> NICOLAS DELY</div>","http://www.groupe-carre.fr/wp-content/uploads/2017/06/depart_collecte.png","0","49.633209","","2.360344","1","45","0","","0","TARTIGNY"
"46","80500 MONTDIDIER","0","1","<div>ZI DE LA ROSERAIE</div><div class=""gm-style-iw""><div><div><div><div><u>Type :</u> Collecte<br /><u>Téléphone :</u> 06 45 60 16 14<br /><u>Responsable de site :</u> ROMAIN ROY</div></div></div></div></div>","http://www.groupe-carre.fr/wp-content/uploads/2017/06/depart_collecte.png","0","49.647007","","2.566932","1","46","0","","0","MONTDIDIER"
"47","ROUTE DE ST MARD 80700 ROYE","0","2","<div><u>Type :</u> Appro / Collecte<br />Rue du puits à marne ZI OUEST <br /><u>Téléphone :</u> 03 23 36 30 06 - 06 45 60 16 14<br /><u>Responsable de site :</u> ROMAIN ROY</div>","http://www.groupe-carre.fr/wp-content/uploads/2017/06/depart_appro.png","0","49.698016","","2.776046","1","47","0","","0","ROYE"
"48","51 RUE DE FLANDRES 80200 MARCHELEPOT","0","2","<p><u>Type :</u> Appro / Collecte<br /><u>Téléphone :</u> 03 22 83 90 02<br /><u>Responsable de site :</u> GUILLAUME DOLAY</p>","http://www.groupe-carre.fr/wp-content/uploads/2017/06/depart_appro.png","0","49.841053","","2.869347","1","48","0","","0","MARCHELEPOT"
"49","ROUTE DE CHAULNES 80200 ESTREES DENIECOURT","0","2","<div class=""gm-style-iw""><div><div><div><div><u>Type :</u> Appro / Collecte<br /><u>Téléphone :</u> 03 22 84 91 01- 0642 52 56 82<br /><u>Responsable de site :</u> FRANCOIS WASSELIN</div></div></div></div></div>","http://www.groupe-carre.fr/wp-content/uploads/2017/06/depart_appro.png","0","49.872004","","2.815935","1","49","0","","0","ESTREES DENIECOURT"
"5","RUE DE L'EGLISE 62650 BOURTHES","0","2","<p><u>Type :</u> Appro / Collecte<br /><u>Téléphone :</u> 03 21 86 52 47-06 77 21 11 27<br /><u>Responsable de site :</u> FRANCOIS PERON</p>","http://www.groupe-carre.fr/wp-content/uploads/2017/06/depart_appro.png","0","50.608716","","1.918582","1","5","0","","0","BOURTHES"
"50","RUE DE GREVILLERS 62450 LIGNY THILLOY","0","2","<div class=""gm-style-iw""><div><div><div><div><u>Type :</u> Appro / Collecte<br /><u>Téléphone :</u> 03 21 48 20 20<br /><u>Responsable de site :</u> LUDOVIC PLANQUE</div></div></div></div></div>","http://www.groupe-carre.fr/wp-content/uploads/2017/06/depart_appro.png","0","50.0913711","","2.8312034","1","50","","","0","LIGNY THILLOY"
"51","24 RUE DE YTRES 80360 ETRICOURT","0","2","<div><u>Type :</u> Appro / Collecte<br /><u>Téléphone :</u> 03 22 86 89 64 - 07 88 15 03 26<br /><u>Responsable de site :</u> MATHIAS DACHEUX</div>","http://www.groupe-carre.fr/wp-content/uploads/2017/06/depart_appro.png","0","50.041383","","2.991271","1","51","0","","0","ETRICOURT-MANANCOURT"
"52","13 RUE DE LA TOUR 02110 BEAUREVOIR","0","2","<div><u>Type :</u> Appro / Collecte<br /><u>Téléphone :</u> 03 23 09 41 11/06 22 56 34 95<br /><u>Responsable de site :</u> OLIVIER VAN HYFTE</div>","http://www.groupe-carre.fr/wp-content/uploads/2017/06/depart_appro.png","0","49.9954567","","3.3055415","1","52","","","0","BEAUREVOIR"
"53","HAMEAU DE BOISTRANCOURT 59217 CARNIERES","0","2","<div><u>Type :</u> Appro / Collecte<br /><u>Téléphone :</u> 06 73 01 38 76<br /><u>Responsable de site :</u> JEAN MARIE TONDEUR</div>","http://www.groupe-carre.fr/wp-content/uploads/2017/06/depart_appro.png","0","50.1534633","","3.3478465","1","53","","","0","CARNIERES"
"54","32 RUE DE LA GARE 59269 ARTRES","0","2","<div><u>Type :</u> Appro / Collecte<br /><u>Téléphone :</u> 03 27 27 14 25<br /><u>Responsable de site :</u> FRANCK BONNINGRE</div>","http://www.groupe-carre.fr/wp-content/uploads/2017/06/depart_appro.png","0","50.287273","","3.54441","1","54","0","","0","ARTRES"
"55","9 RUE DU PONTEAU 59600 ELESMES","0","2","<p><u>Type :</u> Appro / Collecte<br /><u>Téléphone :</u> 03 27 68 45 63<br /><u>Responsable de site :</u> PATRICK LECOQ</p>","http://www.groupe-carre.fr/wp-content/uploads/2017/06/depart_appro.png","0","50.309815","","4.009393","1","55","0","","0","ELESMES"
"57","ROUTE DE BEUGNATRE 62159 VAULX VRAUCOURT","0","1","<div class=""gm-style-iw""><div><div><div><div><u>Type :</u> Collecte<br /><u>Téléphone :</u> 06 81 87 39 61<br /><u>Responsable de site :</u> PHILIPPE COUVREUX</div></div></div></div></div>","http://www.groupe-carre.fr/wp-content/uploads/2017/06/depart_collecte.png","0","50.150772","","2.858529","1","57","","","0","VAULX VRAUCOURT"
"58","RUE DE LA CHAPELLE 62159 LAGNICOURT","0","2","<p><u>Type :</u> Appro / Collecte<br /><u>Téléphone :</u> 03 21 07 83 83 <br /><u>Responsable de site :</u> THIERRY DANIEL</p>","http://www.groupe-carre.fr/wp-content/uploads/2017/06/depart_appro.png","0","50.159859","","2.954992","1","58","0","","0","LAGNICOURT"
"59","12 RUE DES ACACIAS 62147 HAVRINCOURT","0","2","<p><u>Type :</u> Appro / Collecte<br /><u>Téléphone :</u> 03 21 50 89 00<br /><u>Responsable de site :</u> FRANCOIS LELEU</p>","http://www.groupe-carre.fr/wp-content/uploads/2017/06/depart_appro.png","0","50.1101996","","3.0830254","1","59","","","0","HAVRINCOURT"
"6","CHANTOVENT 62380 LEDINGHEM","0","2","<p><u>Type :</u> Appro / Collecte<br /><u>Téléphone :</u> 03 21 95 39 18<br /><u>Responsable de site :</u> BAPTISTE LECAILLE</p>","http://www.groupe-carre.fr/wp-content/uploads/2017/06/depart_appro.png","0","50.6432233","","1.9730652","1","6","","","0","LEDINGHEM"
"60","RTE NATIONALE 59265 AUBENCHEUL AU BAC","0","2","<div><u>Type :</u> Appro / Collecte<br /><u>Téléphone :</u> 03 27 80 90 11<br /><u>Responsable de site :</u> HUMEZ CHRISTOPHE</div>","http://www.groupe-carre.fr/wp-content/uploads/2017/06/depart_appro.png","0","50.2545929","","3.16164","1","60","","","0","AUBENCHEUL AU BAC"
"61","59 330 BEAUFORT","0","2","<div><u>Type :</u> Appro/Collecte<br /><u>Téléphone :</u> 06 32 91 75 56<br /><u>Responsable de site :</u> ARNAUD BONNIER</div>","http://www.groupe-carre.fr/wp-content/uploads/2017/06/depart_appro.png","0","50.21497","","3.9643","1","61","0","","0","BEAUFORT"
"63","ROUTE DE BEAUDIGNIES 59530 LE QUESNOY","0","1","<p><u>Type :</u> Collecte<br /><u>Téléphone :</u> -03 27 14 25<br /><u>Responsable de site :</u> FRANCK BONNINGRE</p>","http://www.groupe-carre.fr/wp-content/uploads/2017/06/depart_collecte.png","0","50.244593","","3.614349","1","63","0","","0","LE QUESNOY"
"64","RUE HENRI BARBUSSE 59990 SAULTAIN","0","1","<div><u>Type :</u> Collecte<br /><u>Téléphone :</u> 03 27 27 14 25<br /><u>Responsable de site :</u> DOROTHEE DERUELLE</div>","http://www.groupe-carre.fr/wp-content/uploads/2017/06/depart_collecte.png","0","50.3145543","","3.5738385","1","64","","","0","SAULTAIN"
"65","ROUTE DE WAVRECHAIN - LA PRISE D'EAU 59220 ROUVIGNIES","0","1","<p><u>Type :</u> Collecte<br /><u>Téléphone :</u> 03 27 48 02 07<br /><u>Responsable de site :</u> JEAN MICHEL CORTEYN</p>","http://www.groupe-carre.fr/wp-content/uploads/2017/06/depart_collecte.png","0","50.3278907","","3.4324136","1","65","","","0","ROUVIGNIES"
"66","SOMAIN","0","1","<div> <u>Type :</u> Collecte<br /><u>Téléphone :</u> 03 27 80 90 11<br /><u>Responsable de site :</u> CHRISTOPHE HUMEZ</div>","http://www.groupe-carre.fr/wp-content/uploads/2017/06/depart_collecte.png","0","50.359201","","3.281138","1","66","","","0","SOMAIN"
"67","ROUTE DE PAILLENCOURT 59400 ESWARS","0","1","<div><u>Type :</u> Collecte<br /><u>Téléphone :</u> 03 27 80 90 11<br /><u>Responsable de site :</u> CHRISTOPHE HUMEZ</div>","http://www.groupe-carre.fr/wp-content/uploads/2017/06/depart_collecte.png","0","50.2208684","","3.2649564","1","67","","","0","ESWARS"
"68","62860 MARQUION","0","1","<p><u>Type :</u> Collecte<br /><u>Téléphone :</u> 03 21 16 16 44<br /><u>Responsable de site :</u> JEROME LUGAND</p>","http://www.groupe-carre.fr/wp-content/uploads/2017/06/depart_collecte.png","0","50.210227","","3.085243","1","68","","","0","MARQUION"
"69","RUE VAL 60310 SOLENTE","0","1","<div><u>Type :</u> Collecte<br /><u>Téléphone :</u> 06 45 60 16 14<br /><u>Responsable de site :</u> ROMAIN ROY</div>","http://www.groupe-carre.fr/wp-content/uploads/2017/06/depart_collecte.png","0","49.699954","","2.878141","1","69","0","","0","SOLENTE"
"7","RUE DE MONTREUIL 62650 MANINGHEM","0","2","<div> </div><div class=""gm-style-iw""><div><div><div><div><u>Type :</u> Appro / Collecte<br /><u>Téléphone :</u> 03 21 90 93 11<br /><u>Responsable de site :</u> AURELIEN DUFLOS</div></div></div></div></div>","http://www.groupe-carre.fr/wp-content/uploads/2017/06/depart_appro.png","0","50.5404145","","1.9435144","1","7","","","0","MANINGHEM"
"71","RUE DE CHAUNY 80400 BROUCHY","0","1","<div><u>Type :</u> Collecte<br /><u>Téléphone :</u> 03 22 83 90 02<br /><u>Responsable de site :</u> ROMAIN ROY</div>","http://www.groupe-carre.fr/wp-content/uploads/2017/06/depart_collecte.png","0","49.718541","","3.100665","1","71","0","","0","BROUCHY"
"72","11 RUE DE LA GARE 02590 FORESTE","0","1","<p><u>Type :</u> Collecte<br /><u>Téléphone :</u> 03 23 66 45 93/0642 04 42 95<br /><u>Responsable de site :</u> THIBAUT LESAGE</p>","http://www.groupe-carre.fr/wp-content/uploads/2017/06/depart_collecte.png","0","49.805064","","3.099307","1","72","0","","0","FORESTE"
"73","46 RUE LUCIEN BOUTON 80400 CROIX MOLIGNEAUX","0","1","<p><u>Type :</u> Collecte<br /><u>Téléphone :</u> 03 22 83 90 02<br /><u>Responsable de site :</u> JGUILLAUME DOLAY</p>","http://www.groupe-carre.fr/wp-content/uploads/2017/06/depart_collecte.png","0","49.822424","","3.011228","1","73","0","","0","CROIX MOLIGNEAUX"
"75","RUE DE LONGAVESNE 80240 LIERAMONT","0","1","<p><u>Type :</u> Collecte<br /><u>Téléphone :</u> 06 81 86 99 59-07 88 15 03 26<br /><u>Responsable de site :</u> MATHIAS DACHEUX</p>","http://www.groupe-carre.fr/wp-content/uploads/2017/06/depart_collecte.png","0","49.991534","","3.052398","1","75","0","","0","LIERAMONT"
"76","ROUTE DE GUILLEMONT 80360 LONGUEVAL","0","1","<div><u>Type :</u> Collecte<br /><u>Téléphone :</u> 07 85 81 58 16<br /><u>Responsable de site :</u> LUDOVIC LANQUE</div>","http://www.groupe-carre.fr/wp-content/uploads/2017/06/depart_collecte.png","0","50.0225786","","2.811435","1","76","","","0","LONGUEVAL"
"77","ROUTE DE ROSIERES 80131 HARBONNIERES","0","1","<p><u>Type :</u> Collecte<br /><u>Téléphone :</u> 06 81 87 58 37-03 22 84 91 01<br /><u>Responsable de site :</u> FRANCOIS WASSELIN</p>","http://www.groupe-carre.fr/wp-content/uploads/2017/06/depart_collecte.png","0","49.844015","","2.672993","1","77","0","","0","HARBONNIERES"
"78","RUE BAPTISTE MARCET 80340 BRAY SUR SOMME","0","1","<p><u>Type :</u> Collecte<br /><u>Téléphone :</u> 06 80 72 54 65- 03 22 84 91 01<br /><u>Responsable de site :</u> FRANCOIS WASSELIN</p>","http://www.groupe-carre.fr/wp-content/uploads/2017/06/depart_collecte.png","0","49.946746","","2.716883","1","78","0","","0","BRAY SUR SOMME"
"79","13 RUE DE CROISILLES 62217 NEUVILLE VITASSE","0","1","<p><u>Type :</u> Collecte<br /><u>Téléphone :</u> 06 42 04 56 23<br /><u>Responsable de site :</u> JEAN BENOIT ALLARD</p>","http://www.groupe-carre.fr/wp-content/uploads/2017/06/depart_collecte.png","0","50.2423403","","2.8230626","1","79","","","0","NEUVILLE VITASSE"
"8","RUE MARESQUEL 62870 GOUY SAINT ANDRE","0","2","<div><u>Type :</u> Appro / Collecte<br /><u>Téléphone :</u> 03 21 86 37 75<br /><u>Responsable de site :</u> FREDERIC GOBERT</div>","http://www.groupe-carre.fr/wp-content/uploads/2017/06/depart_appro.png","0","50.3757179","","1.9084408","1","8","","","0","GOUY SAINT ANDRE"
"80","MERCATEL","0","2","<p><u>Type :</u> Appro / Collecte<br /><u>Téléphone :</u> 03 21 59 99 22<br /><u>Responsable de site :</u> JEAN BENOIT ALLARD</p>","http://www.groupe-carre.fr/wp-content/uploads/2017/06/depart_appro.png","0","50.235168","","2.795223","1","80","0","","0","MERCATEL"
"81","FERME DE BAILLESCOURT 80300 MIRAUMONT","0","1","<p><u>Type :</u> Collecte<br /><u>Téléphone :</u> 03 21 48 20 20/06 71 10 85 77<br /><u>Responsable de site :</u> LUDOVIC PLANQUE</p>","http://www.groupe-carre.fr/wp-content/uploads/2017/06/depart_collecte.png","0","50.092945","","2.729975","1","81","0","","0","MIRAUMONT"
"83","6 RUE DES CLERCS 62450 VILLERS AU FLOS","0","1","<div><u>Type :</u> Collecte<br /><u>Téléphone :</u> 03 21 07 11 06<br /><u>Responsable de site :</u> M CARTON</div>","http://www.groupe-carre.fr/wp-content/uploads/2017/06/depart_collecte.png","0","50.0814637","","2.9009057","1","83","","","0","VILLERS AU FLOS"
"84","ROUTE D'ACHIET 62450 BIEFVILLERS LES BAPAUME","0","1","<div class=""gm-style-iw""><div><div><div><div><u>Type :</u> Collecte<br /><u>Téléphone :</u> 06 81 87 74 84<br /><u>Responsable de site :</u> JEAN MARIE LEROY</div></div></div></div></div>","http://www.groupe-carre.fr/wp-content/uploads/2017/06/depart_collecte.png","0","50.1077931","","2.8368672","1","84","","","0","BIEFVILLERS LES BAPAUME"
"85","02380 JUMENCOURT","0","1","<p><u>Type :</u> Collecte<br /><u>Téléphone :</u> 06 25 24 26 77<br /><u>Responsable de site :</u> LUC MARTIN</p>","http://www.groupe-carre.fr/wp-content/uploads/2017/06/depart_collecte.png","0","49.509164","","3.354044","1","85","0","","0","JUMENCOURT"
"86","49.91570285256933, 3.278222680091858","0","2","<p><u>Type :</u> Appro / Collecte</p><p>rue Maurice Thorez<br /><u>Téléphone :</u> 03 23 66 45 93<br /><u>Responsable de site :</u> THIBAUT LESAGE</p>","http://www.groupe-carre.fr/wp-content/uploads/2017/06/depart_appro.png","0","49.915703","","3.278223","1","86","0","","0","LEHAUCOURT"
"87","49.974030101462034, 3.383966088294983","0","1","<p><u>Type :</u>  Collecte<br /><u>Téléphone :</u> 06 79 74 04 98<br /><u>Responsable de site :</u> GUILLAUME DOLLAY</p>","http://www.groupe-carre.fr/wp-content/uploads/2017/06/depart_collecte.png","0","49.9740301015","","3.3839660883","1","87","","","0","BRANCOURT LE GRAND"
"88","50.00378270058036, 3.542105108499527","0","1","<p><u>Type :</u> Collecte<br /><u>Téléphone :</u> 03 22 66 45 93-06 07 45 86 35<br /><u>Responsable de site :</u> THIBAUT LESAGE</p>","http://www.groupe-carre.fr/wp-content/uploads/2017/06/depart_collecte.png","0","50.003783","","3.542105","1","88","0","","0","ANDIGNY LES FERME"
"89","50.09570085682111, 3.4343114867806435","0","1","<p><u>Type :</u> Collecte<br /><u>Téléphone :</u> 06 73 01 38 76<br /><u>Responsable de site :</u> JEAN MARIE TONDEUR</p>","http://www.groupe-carre.fr/wp-content/uploads/2017/06/depart_collecte.png","0","50.0957008568","","3.4343114868","1","89","","","0","BERTRY"
"9","26 RUE DU MARAIS 62140 FRESSIN","0","2","<p><u>Type :</u> Appro / Collecte<br /><u>Téléphone :</u> 03 21 90 60 76<br /><u>Responsable de site :</u> NICOLAS GOMEL</p>","http://www.groupe-carre.fr/wp-content/uploads/2017/06/depart_appro.png","0","50.444706","","2.056275","1","9","0","","0","FRESSIN"
"90","50.064667808582286, 3.3395225554704666","0","1","<p><u>Type :</u> Appro / Collecte<br /><u>Téléphone :</u> 06 73 01 38 76 /ABBAYE DES GUILLEMINS<br /><u>Responsable de site :</u> JEAN MARIE TONDEUR</p>","http://www.groupe-carre.fr/wp-content/uploads/2017/06/depart_collecte.png","0","50.0646678086","","3.3395225555","1","90","","","0","WALINCOURT SELVIGNY"
"91","50.04276963847775, 2.946869283914566","0","1","<p class=""wpgmza_infowindow_address""> </p><div><u>Type :</u> Collecte<br /><u>Téléphone :</u> 06 81 87 39 61 / RTE DE FINS<br /><u>Responsable de site :</u> PHILIPPE COUVREUX</div>","http://www.groupe-carre.fr/wp-content/uploads/2017/06/depart_collecte.png","0","50.0427696385","","2.9468692839","1","91","","","0","MESNIL EN ARROURAISE"
"92","50.276136847033506, 3.03690567612648","0","1","<div><u>Type :</u> Collecte<br /><u>Téléphone :</u> 03 27 89 52 40<br /><u>Responsable de site :</u> JEAN FRANTZ</div><p> </p>","http://www.groupe-carre.fr/wp-content/uploads/2017/06/depart_collecte.png","0","50.276136847","","3.0369056761","1","92","","","0","LECLUSE"
"93","49.911124061697286, 3.014589697122574","0","1","<p class=""wpgmza_infowindow_address""> </p><div><u>Type :</u> Collecte<br /><u>Téléphone :</u> 06 30 15 28 45 / RUE DU POIRIER<br /><u>Responsable de site :</u> MATHIEU WARLOP</div><p><a id=""1"" class=""wpgmza_gd""></a>Itinéraire</p>","http://www.groupe-carre.fr/wp-content/uploads/2017/06/depart_collecte.png","0","49.9111240617","","3.0145896971","1","93","","","0","CARTIGNY"
"94","50.11609618621097, 3.2080963253974915","0","1","<p class=""wpgmza_infowindow_address""> </p><div><u>Type :</u> Collecte<br /><u>Téléphone :</u> 03 21 50 89 00<br /><u>Responsable de site :</u> FRANCOIS LELEU</div>","http://www.groupe-carre.fr/wp-content/uploads/2017/06/depart_collecte.png","0","50.1160961862","","3.2080963254","1","94","","","0","MASNIERES"
"95","50.577599061954054, 2.012474834918976","0","1","<p class=""wpgmza_infowindow_address""> </p><div><u>Type :</u> Collecte<br /><u>Téléphone :</u> 03 21 86 35 57<br /><u>Responsable de site :</u> BAPTISTE LECAILLE</div>","http://www.groupe-carre.fr/wp-content/uploads/2017/06/depart_collecte.png","0","50.577599062","","2.0124748349","1","95","","","0","RUMILLY"
"96","49.6201143951853,3.811500568664542","0","1","<p><u>Type :</u> Collecte<br /><u>Téléphone :</u> 06 98 95 42 53<br /><u>Responsable de site :</u> MARC WILLOT</p>","https://www.groupe-carre.fr/wp-content/uploads/2017/06/depart_collecte.png","0","0","","0","1","96","0","","0","CHAOURSE"
"97","49.52413619412067,2.4862270054261444","0","1","<p><u>Type :</u> Collecte<br /><u>Téléphone :</u> 06 45 18 66 94- 06 48 26 57 17<br /><u>Responsable de site :</u> MARC THOMAS</p>","https://www.groupe-carre.fr/wp-content/uploads/2017/06/depart_collecte.png","0","49.5241361941","","2.4862270054","1","97","","","0","MONTGERAIN"
